"path","bytes","sha256"
"config/final_adversarial_audit.json",1455,"17725983f2835a672bc32de0a9cf5af006284c657bff47fe24f14d94526c7b69"
"config/independent_atomic_replication_v1.json",2386,"c4fac5d76f682fceb5787062329851bfe508fb58b575582b366c5a5e8d573570"
"config/nist_source_provenance.csv",1303,"c76ee6e78f7c8ef0451ec77be637ca8e8f56d9718bd91a5a97f460ba5147e3a6"
"config/resolution_invariant_protocol_v1.json",1860,"e364d6a459348859c749e896f087e2398fe54b6675caa8135d956f8e6b7d62c1"
"figures/bin_scan_curves.pdf",133851,"0e21aff7bfb288acc08eac643ad288a54b881c67bad6ad47afc714d39109a722"
"figures/bin_scan_curves.png",100130,"b9a62331f4431d53b8236724a853884c8b1f756e38236d5267eac48c9f350065"
"figures/bin_scan_curves.svg",358026,"62bf9774858a179d015ba572bd6ab2bc84532986c3cfc7622a7969cdf7b22539"
"figures/bin_stability_heatmap.pdf",16669,"3d91b60e31b8ffbe50027844899e801f204ead840046d643a210c31e738d7486"
"figures/bin_stability_heatmap.png",68439,"6a13c85046d599821f06b013daf93424f786ea2cd57fda0a91a35a9984435383"
"figures/bin_stability_heatmap.svg",31000,"777540a204ee9e7184bc296536542f05cbb73ff86c9faeac0a300c36bbad3632"
"figures/bootstrap_peak_distributions.pdf",6466,"91a19de514c844c9d7c7e36e03fde879e437094fbb76f66e503921652e7c1d5c"
"figures/bootstrap_peak_distributions.png",73895,"b06e4e6833305dbd913667416c94764df1789dbad130914fe8c4c2ce738e9759"
"figures/bootstrap_peak_distributions.svg",48165,"cceec8496ebf49b2a9cc9085c2ff704c2d87f191a070d43c3ec919ae3e27b1ed"
"figures/dataset_flow.pdf",5158,"8caffb40243adaa590b9f07aba2ca10ca5773975ef7b67e61f349028e49ecb80"
"figures/dataset_flow.png",62288,"7385502606740f2e4b2ff03f45f0a81a12a5858e598eeea891cb97738392665b"
"figures/dataset_flow.svg",13707,"2c3e25fcf617b0a4dcaacb4a1bfe92bc2856da283c00d2d93b80eea1d3ba9fa5"
"figures/effect_size_forest.pdf",5174,"c1da0787c54062890e47babb121c05e3a04b979093d2401e6d4a50e87d370039"
"figures/effect_size_forest.png",44342,"8286c8a950b2d08bdcc937873cecbbe1566913e5caab5513a683a8fc1117e7ba"
"figures/effect_size_forest.svg",6910,"fc514b562d03cbdf875b4d12274809a014124da85ff09b07386d6ee0752c9d21"
"figures/fig01_dataset_flow.pdf",5158,"8caffb40243adaa590b9f07aba2ca10ca5773975ef7b67e61f349028e49ecb80"
"figures/fig01_dataset_flow.png",62288,"7385502606740f2e4b2ff03f45f0a81a12a5858e598eeea891cb97738392665b"
"figures/fig01_dataset_flow.svg",13707,"2c3e25fcf617b0a4dcaacb4a1bfe92bc2856da283c00d2d93b80eea1d3ba9fa5"
"figures/fig02_feii_scan_stability.pdf",18616,"e4e0547ce6ee9e4674f8a8615303b63472531e6dcf6bc85edc6fcbea33bf44a9"
"figures/fig02_feii_scan_stability.png",67766,"ae615bf58aabef70fae49117c975d1ff1d25a9db207d9f987e3fc569e444492f"
"figures/fig02_feii_scan_stability.svg",40360,"cc5a9ccce0f71e9dd01ad70e332da8df86e8eb8c19209a80d036a6da3f9b7e04"
"figures/fig03_frequency_by_bin_count.pdf",5219,"14457947e3987b3090701029a31b87553b9fab77bf10eecdb1c61f219664f6b9"
"figures/fig03_frequency_by_bin_count.png",44733,"4bed54b02e244145e84b9a84dc21d9b3015c3691d61a4bbad55911b9a48d8154"
"figures/fig03_frequency_by_bin_count.svg",6882,"cb9a0fb49ec4ad4797134c9769c4b4218c1737de4e7a14d5df4d820dc9b876c5"
"figures/fig04_peak_stability.pdf",5183,"e24a0844443fadde85a61e9c6035e92badd6d9a2ddee5abfec20b88d6dd2ae57"
"figures/fig04_peak_stability.png",53272,"d1bbc31c90065923fe5d0be0b86164f3fb9bcd2e64c09a9cc62727c7e18d794c"
"figures/fig04_peak_stability.svg",14179,"d1834e057454b931eb49312687172db88a654559376b9c988cac5aa6d36f068c"
"figures/fig05_bootstrap_peak_distribution.pdf",6466,"4f7d4e42615eb7c15039213938524f440a3b3999014590249b6593b36662d197"
"figures/fig05_bootstrap_peak_distribution.png",73895,"b06e4e6833305dbd913667416c94764df1789dbad130914fe8c4c2ce738e9759"
"figures/fig05_bootstrap_peak_distribution.svg",48165,"cceec8496ebf49b2a9cc9085c2ff704c2d87f191a070d43c3ec919ae3e27b1ed"
"figures/fig06_null_ridgelines.pdf",32591,"771ccb6ed2b2fb4100be599e32e76b43e7768ad08f428dce0c1de2ff948d78e6"
"figures/fig06_null_ridgelines.png",43562,"fde803779ec4750978c55444687e5be5057e06a240890bec10d72e6cea52ad25"
"figures/fig06_null_ridgelines.svg",126022,"e96d3777552ccd4811c18811a007a4761bfbc18b83edaf9c982fc413ea8396ae"
"figures/fig07_effect_size_forest.pdf",5174,"c1da0787c54062890e47babb121c05e3a04b979093d2401e6d4a50e87d370039"
"figures/fig07_effect_size_forest.png",44342,"8286c8a950b2d08bdcc937873cecbbe1566913e5caab5513a683a8fc1117e7ba"
"figures/fig07_effect_size_forest.svg",6910,"fc514b562d03cbdf875b4d12274809a014124da85ff09b07386d6ee0752c9d21"
"figures/fig08_observed_ritz_comparison.pdf",4796,"0ef176f7c95550b3bf87a431b5a4d665f670cc15937e35729545bb970c0af410"
"figures/fig08_observed_ritz_comparison.png",39868,"e892444dbe0ec0693bfd37f8ee04d2af265a36ee02aafdef2d4b20c9e775e11c"
"figures/fig08_observed_ritz_comparison.svg",5463,"6ca3afcb255906fe6b2f53c8527f5eb26957b29bb7dce906c44c2766683d9b97"
"figures/fig09_holdout_validation.pdf",4997,"b18d2318a7a8eba55876650562e1b123cca6ad8e8d13619e8c14fefd3b57066c"
"figures/fig09_holdout_validation.png",64179,"8af86853535d62f00dbb0b390772b114436cce026185bde26958080431f8840e"
"figures/fig09_holdout_validation.svg",9302,"5e74391cbb43e28eed7dc95ecfa0f5277b2881969adc69c2c362a419b0ad571f"
"figures/fig10_specification_curve.pdf",7296,"6bd69b42c6b0fc3a5e181eafd819bc2567ba144288dec58c2f6d631fc1ac4206"
"figures/fig10_specification_curve.png",48882,"6d7bdb261c7d6f99d6a77853c14a31836530dfb35d7199a2f436fc52ed38ed60"
"figures/fig10_specification_curve.svg",7669,"ad82681230085394ad4d0e7adf4dc437dbb040631069bd260c05286c58258ebc"
"figures/fig11_model_comparison.pdf",4806,"fa2853e7dc034b71512e3b52469f4554702978f8af4fe3947b6f7bbf6df71a1f"
"figures/fig11_model_comparison.png",64119,"0e10d498bbb4257ea2cadf155e1c24e8e96b89e789303359a411718432ac3511"
"figures/fig11_model_comparison.svg",8391,"be3df1b65deecbab92d50895405ee3e6dcfecbe600c8ce53eca33c63011b3d93"
"figures/fig12_multiplicity_comparison.pdf",15096,"1a62b6b1ebdb141acaae93039eb6f98f083e23b8c633097f27a1c9ff9bdd7f80"
"figures/fig12_multiplicity_comparison.png",384266,"1a0a3239c6427780f53aa15929d204b9bfce23274fb5275bd94c964f65c3b5f9"
"figures/fig12_multiplicity_comparison.svg",19957,"0b50377eaebe1104457e6f81c38f95347f9a74a5d050fc740b5327a29db59c68"
"figures/fig13_null_calibration.pdf",4990,"9f25f747ba309e6a33562b460698a8667321b2589fc06c1b1fc35e52f552fb6f"
"figures/fig13_null_calibration.png",58849,"2c9043cb58131f3eecc7183cacc35dc758f244f722870e0bda84d01bcd101cb1"
"figures/fig13_null_calibration.svg",6688,"bc092cf36389b2b190ed2b2ba74bfc56f954088c537b405b71573ac09df9c8b8"
"figures/fig14_injection_recovery_power.pdf",7663,"5b2bdff5e591f8728d0e27150bc3b5128b27811a56ee20fffefa287289656236"
"figures/fig14_injection_recovery_power.png",65770,"65efc1477347dd44fa6e45c13bde92759c9d3afe9f44c74e09d23125d11433a7"
"figures/fig14_injection_recovery_power.svg",11607,"8c11af83bd40befe7b66afd93277ad2cf06b3380c319fb612ea8f4c2e1380a74"
"figures/fig15_python_r_parity.pdf",4551,"7b8f8e27ddb7a8e3e3224582a20960020ed5c0e6823fb54f7da28a7cb7e53d9c"
"figures/fig15_python_r_parity.png",43981,"28d91001a769648bcf40dfcbf2e08929b5dcb53535716b69de2ae2e86cb2a095"
"figures/fig15_python_r_parity.svg",5085,"d994c20c7d3a5346200bcc66a317f6c7e5f7812fe9aeed50322592444e60b615"
"figures/fig16_evidence_dashboard.png",156901,"88dd59a3a91fde031d1da1861e818f575f553769445b5e64f7cd3669ec4233ee"
"figures/fig16_evidence_dashboard.svg",21339,"d18b323a7a94fe6dcbb82535797a344777cd33d42b94e69a4bb4009c835b78ab"
"figures/fig17_alternative_nulls.pdf",5428,"6a3303d7986be8cab115269a068df4240ab1da3cdcd99c1ede123087e9b26e28"
"figures/fig17_alternative_nulls.png",63886,"0c4219b925fda649dd6b50313b38319a31be0af439515776852ee686a5a29f8b"
"figures/final_binning_robustness.pdf",5057,"476203e4b03cc8dd24020ca1941c4a7d3b97c82c0948ca2327b6d1558e029ff1"
"figures/final_binning_robustness.png",42162,"f9c63efeb8d110231333a54cde7c617f3ba34aad75466ea1a0425d925c902805"
"figures/final_bootstrap_candidate_stability.pdf",5567,"439c982a2dc56927664cd9445d82a74f21e1a5f0dcc79f5ad1dd1f0b9fefe77f"
"figures/final_bootstrap_candidate_stability.png",48913,"591cd9e2216d4ac77c59324a091986b858edf212ba476563b0aee35bd742b9f9"
"figures/final_calibration_curve.pdf",5291,"83637cbfe52fff2f6406b1d58eed9138f89af06f774c1d25f687d3b1d53f3f5b"
"figures/final_calibration_curve.png",38417,"f70806b2dc7cd1768b8e3616afa6f9c6ca1960e8cb4ed84bfb1ae718d5376d64"
"figures/final_fe_co_comparison.pdf",4797,"ea53c473c706f6e663cb874741e295442db41de87819c55ed675e500351b7e05"
"figures/final_fe_co_comparison.png",36018,"6d7607993dda897d337c514e4d63e91218bf3d3b947debe9614df633dbe90c0a"
"figures/final_injection_recovery_power.pdf",5269,"8d07b6e89094b66d7646efd8b2a5ae6042a41bc5ccc25bbb49271264bfa8d7f4"
"figures/final_injection_recovery_power.png",50463,"e2ecaa1cb32aecc907088e78276f8b8c7d12a4d56ec4c91baac0ed6b28085889"
"figures/final_observed_vs_null.pdf",5684,"f9c93c08c28ce5c4597461c895f380d51d0f51eb83b0277f52f66f744587fb14"
"figures/final_observed_vs_null.png",47987,"193fcb9b0b459e5245df92f8b518b0a7d72733d1fde1989a4df9501bd9052b4c"
"figures/frequency_by_bin_count.pdf",5219,"14457947e3987b3090701029a31b87553b9fab77bf10eecdb1c61f219664f6b9"
"figures/frequency_by_bin_count.png",44733,"4bed54b02e244145e84b9a84dc21d9b3015c3691d61a4bbad55911b9a48d8154"
"figures/frequency_by_bin_count.svg",6882,"cb9a0fb49ec4ad4797134c9769c4b4218c1737de4e7a14d5df4d820dc9b876c5"
"figures/holdout_validation.pdf",4997,"b18d2318a7a8eba55876650562e1b123cca6ad8e8d13619e8c14fefd3b57066c"
"figures/holdout_validation.png",64179,"8af86853535d62f00dbb0b390772b114436cce026185bde26958080431f8840e"
"figures/holdout_validation.svg",9302,"5e74391cbb43e28eed7dc95ecfa0f5277b2881969adc69c2c362a419b0ad571f"
"figures/injection_frequency_bias.pdf",6636,"a99b3a2ccba62ef0d1719898dde22b49ac081d4902be6100f552621d77e98f5c"
"figures/injection_frequency_bias.png",54746,"79a2cc199819f396bdd0f3f18dbc02da82db5fcdac1f8a04c0c94dc2fa2a53ac"
"figures/injection_frequency_bias.svg",7921,"a8f17a517dd219e9ad3e24f9f2a10af5a1b72d422dcc3c1ed0e2c2a0f2f48244"
"figures/injection_recovery_power.pdf",7663,"5b2bdff5e591f8728d0e27150bc3b5128b27811a56ee20fffefa287289656236"
"figures/injection_recovery_power.png",65770,"65efc1477347dd44fa6e45c13bde92759c9d3afe9f44c74e09d23125d11433a7"
"figures/injection_recovery_power.svg",11607,"8c11af83bd40befe7b66afd93277ad2cf06b3380c319fb612ea8f4c2e1380a74"
"figures/model_comparison.pdf",4806,"fa2853e7dc034b71512e3b52469f4554702978f8af4fe3947b6f7bbf6df71a1f"
"figures/model_comparison.png",64119,"0e10d498bbb4257ea2cadf155e1c24e8e96b89e789303359a411718432ac3511"
"figures/model_comparison.svg",8391,"be3df1b65deecbab92d50895405ee3e6dcfecbe600c8ce53eca33c63011b3d93"
"figures/multiplicity_comparison.pdf",15096,"10ddf5110c17e3347bf112af5f8351890e91442b11d6f0f16a59ad39f79c6f72"
"figures/multiplicity_comparison.png",384266,"1a0a3239c6427780f53aa15929d204b9bfce23274fb5275bd94c964f65c3b5f9"
"figures/multiplicity_comparison.svg",19957,"0b50377eaebe1104457e6f81c38f95347f9a74a5d050fc740b5327a29db59c68"
"figures/null_calibration.pdf",4990,"520ed00cb705ef29caa0939821e026b1aebf32ccc8478c39d2e3dc3047fff88c"
"figures/null_calibration.png",58849,"2c9043cb58131f3eecc7183cacc35dc758f244f722870e0bda84d01bcd101cb1"
"figures/null_calibration.svg",6688,"bc092cf36389b2b190ed2b2ba74bfc56f954088c537b405b71573ac09df9c8b8"
"figures/null_ridgelines.pdf",32591,"771ccb6ed2b2fb4100be599e32e76b43e7768ad08f428dce0c1de2ff948d78e6"
"figures/null_ridgelines.png",43562,"fde803779ec4750978c55444687e5be5057e06a240890bec10d72e6cea52ad25"
"figures/null_ridgelines.svg",126022,"e96d3777552ccd4811c18811a007a4761bfbc18b83edaf9c982fc413ea8396ae"
"figures/observed_ritz_comparison.pdf",4796,"0ef176f7c95550b3bf87a431b5a4d665f670cc15937e35729545bb970c0af410"
"figures/observed_ritz_comparison.png",39868,"e892444dbe0ec0693bfd37f8ee04d2af265a36ee02aafdef2d4b20c9e775e11c"
"figures/observed_ritz_comparison.svg",5463,"6ca3afcb255906fe6b2f53c8527f5eb26957b29bb7dce906c44c2766683d9b97"
"figures/peak_selection_stability.pdf",5183,"e24a0844443fadde85a61e9c6035e92badd6d9a2ddee5abfec20b88d6dd2ae57"
"figures/peak_selection_stability.png",53272,"d1bbc31c90065923fe5d0be0b86164f3fb9bcd2e64c09a9cc62727c7e18d794c"
"figures/peak_selection_stability.svg",14179,"d1834e057454b931eb49312687172db88a654559376b9c988cac5aa6d36f068c"
"figures/specification_curve.pdf",7296,"6bd69b42c6b0fc3a5e181eafd819bc2567ba144288dec58c2f6d631fc1ac4206"
"figures/specification_curve.png",48882,"6d7bdb261c7d6f99d6a77853c14a31836530dfb35d7199a2f436fc52ed38ed60"
"figures/specification_curve.svg",7669,"ad82681230085394ad4d0e7adf4dc437dbb040631069bd260c05286c58258ebc"
"figures/specification_heatmap.pdf",5115,"51789f435506f33a8d30e38e5c59b6e162db3ed98ccb732705d78b1766199d99"
"figures/specification_heatmap.png",62550,"d0e218905dd0d363028d14d288be803da73e10859f7d37b7aee2f361f29c9389"
"figures/specification_heatmap.svg",11810,"90070d0e3cc088d39147bafc5dfa6e4bc292bc2a08d1902449aee0dc2de3432d"
"final_adversarial_audit.json",3423,"1e5f9f5946895856c3e2b6090fb0ff3f0c8860fc95b8ad5e8a82df015b5498b6"
"FINAL_ADVERSARIAL_AUDIT.md",4033,"d6a81d9722cf2ce223b07fc1bf5eaa567b632fadb05093df36af850367830e94"
"GIT_STATE.txt",331,"cc34f93ec2da5a77ea7b9e0dd61da350dad947d5082ac617f918eeaea89d8fb9"
"inputs/Co_lines.csv",865399,"f277c402b2f3db31a54e7d492a7a9a60fbc6cdbfc7ef20a043337ea7dddc3c33"
"inputs/Fe_lines.csv",5316842,"e5969e1fac4e5e24a2a81201acd3728d09eb03238907700357de1c3f9e1c0526"
"provenance/NIST_SOURCE_PROVENANCE_RECOVERY.md",3935,"568396437fe4a1c37d999d8dcaaeef8e22fca332148fcc526d4dd9ebe4ac0908"
"REPRODUCE_FINAL_ADVERSARIAL_AUDIT.txt",447,"cef3c74c69ce859ff98bd4b9af7a5c85ffb172346c6cf31e2166592bb254452c"
"RUN_CONTEXT.json",795,"43f31e926325853a170163d7a2ff497907e786ba3ed33bbb28a7a17a3525e51f"
"scripts/R/audit_utils.R",20107,"938239e09cc5237319260c65cf16dab8f5d7a135306009ad1bbd2e057233cf88"
"scripts/R/bootstrap_peak_uncertainty.R",10609,"0ed3fa45adc01c354b7f531d6fe0bc70f63384f6328cf58e91cddd7afaebd28d"
"scripts/R/build_analysis_registry.R",5749,"e7c14647294715d6cc3b86632ed74572aedcdfcd88381e2cc28162a0861412ed"
"scripts/R/build_dataset_flow.R",5640,"96b82a39573884218bca28fd6f4e3218633b522579d01745468da07bed144058"
"scripts/R/build_effect_size_table.R",8939,"632ce52e94ac236b8fe2784a1f08243611cfda59ab765d7a918af3be8311a497"
"scripts/R/build_final_adversarial_summary.R",13473,"961e3bd6367daed3e0a11e2116d4dc669e78051962a231cbaf7278858c60ca38"
"scripts/R/calibrate_false_positive_rate.R",5279,"1408eb811e7e26efdb091b044b6e6b658771013409919bf47ad4037ee8670d98"
"scripts/R/check_audit_dependencies.R",2676,"d105759e517d26816cec7d7c0d5cc4d7acc6b5d5e75e39648737ca06443e5293"
"scripts/R/compare_python_r.R",4272,"ce51840b86181def48c32ff1e9be4808dc140917e295284a6b6ea1482e192887"
"scripts/R/finalize_adversarial_audit.R",29389,"108a36fce0650ef0c90159147bf385936716a0348cc8dd81d742dd55e2004f99"
"scripts/R/finalize_adversarial_audit_v2.R",14167,"39cf3a2ed01beb52fc3c93a0112eec3b73de9ef9c80518271e8c2e248cc6523d"
"scripts/R/freeze_release_snapshot.R",7776,"993d886a7abf17746c9875fc735e639f2c6e6d53b47f0578572f166dbfedd723"
"scripts/R/global_multiple_testing.R",8933,"cb5f9d9cde88922e6a93f96b5c991a62832229819ce23c1004dda2ef239925e2"
"scripts/R/make_verdict.R",6903,"5cf523006085eb96388dee6989195e447d401498a4ac01c934606944a89a4aaa"
"scripts/R/model_comparison.R",7673,"e34a82c4b8b2e109690a1dbe87db41fe5b3a1d199d1003bf087426c9b1ee74d5"
"scripts/R/nist_scan_lib.R",22103,"68a32769ae029f9bc0ce677f7c88837def055bdf607b0dd21984c6e1cee5fa95"
"scripts/R/nist_wct_log_spectral_scan.R",9261,"51ddee01ec5711b4d4ff915a21a7d4bb00cdc39f75b326ac212a0a52ace83d8a"
"scripts/R/peak_stability.R",5805,"6b25fd59c6377df3372198f1e5b8452d78c3d0e46e2f60b4939a495233bcc403"
"scripts/R/render_statistical_audit.R",2240,"9b1fb6496d0b303564910031d162d5d1183f0eaebf7bb8d17f8e2758e774124b"
"scripts/R/render_statistical_audit_legacy.R",18235,"2878570ce2f6ed7e1653177b301a99695a023e0c6429caaa1dd41e78dac72142"
"scripts/R/run_alternative_nulls.R",10458,"9b3ea681fca75b956fd7a68ccf57c036cf363e1b16624f6567df5cceb8cf897c"
"scripts/R/run_bin_grid.R",6908,"818aa6a0e5dcda8f582abe9a970e5d3d9279a90fc03e33ab08fb1e3822277471"
"scripts/R/run_feii_bin_stability.R",5450,"49654917e8f8d608ff961b922b16a7c8a8b454dbb20084c508d519f9087b096f"
"scripts/R/run_final_adversarial_audit.R",10365,"84b18eb4c2e42d0bae6bb72c19587ad41bc598b0e02dcae0b6ecac2ce09a7d2f"
"scripts/R/run_final_adversarial_audit_v2.R",3248,"5c68bb732e4bae39f9e535481e6095ab38f105af0b3024720308ee56b7b78ffb"
"scripts/R/run_final_contract_checks.R",24010,"8c0b68b74569b0fbca131f18fd66e18f8f22909a2936585f2b1d9ce99678393b"
"scripts/R/run_holdout_replication.R",7760,"26f17673c94e717461d30e9b9146618363fecad2c5d4ac13ef285d40c8d6edcb"
"scripts/R/run_independent_atomic_replication_v1.R",13133,"4dbd3349f414835bdb76f5aab41d6db47d9cdbde0e5a4042c58e0c1b40eea82e"
"scripts/R/run_injection_recovery.R",7106,"5c6fb394e09f6d11d03c06d5b21062074f25f35aa006aa2ea17946962e3baa7c"
"scripts/R/run_model_sensitivity.R",6461,"2d314118946bcddc21d1e7222dfd468d2371fac30be58c68bbfc7b826d0f2acf"
"scripts/R/run_observed_ritz_replication.R",5934,"04faee958a404366435111c7d0e7ba0f700c1c4b189999d3ed9024b28573ab53"
"scripts/R/run_resolution_invariant_protocol_v1.R",11219,"a5579d1e85ce04812781620a4564dd7ff18c1111b4112908f6dba0a945fd7223"
"scripts/R/run_resolution_mode_diagnostics.R",13777,"f39d8f2e30d5630de39c0323dff2867fd611ae4d25050a105570dbc8b0177595"
"scripts/R/verify_source_provenance.R",7718,"72246434eccf1068ad7b767f89c782ab915d32562881421fd87d3b4430ec7089"
"tables/alternative_null_maxima.csv",1191693,"db2389b73313393b5814793954927c6cf1ef229052886224a068a8ec2d64ccfb"
"tables/alternative_null_results.csv",1920,"586bb94e4827b034e0d45ead1380ba1dcde0f6765d4b0ece083e248185ca6e2e"
"tables/analysis_registry.csv",14749,"125a7678b855d40bfc3cc0ec0e9eedd00d77252321cb0b7b514f1c64ba67db48"
"tables/bin_grid_results.csv",1781,"2b06559cf5ddba9156077b5a03be9921e7513e0fcc54afd0e6ee8910cc421b53"
"tables/bin_stability_summary.csv",279,"30ed1dd469253a490937dc47e52fbed4a56bb64b2a28104a73b86f917230c274"
"tables/bootstrap_peak_draws.csv",633234,"b1c211d0f3ac8b77bf9b4d98854ec0f6b602cbc4cdc184d7dfac4d1b25d06f58"
"tables/bootstrap_summary.csv",962,"4c864844c68ef67e4955112373180821e6f2af060b41f549437c46aa61efcc8b"
"tables/calibrated_global_evidence.csv",1347,"a7ed332a3cb9e3588dcb3cf7e1bf94beaff516ba442ba0769fd7b5f80c6a5a81"
"tables/calibration_summary.csv",772,"154008e90155990493767d42d4a2a991a42b16f03a5138f89e0e4a77d69fb92e"
"tables/cross_binning_robustness.csv",1096,"6409a212d3ef7ea4f5f4d295d39179ff065658523677240c8fa6d4167df6845e"
"tables/dataset_flow.csv",1662,"fefb5b3f7a933bffeca755e2b213f6837f5976790a02e7057b581307ab1d1c04"
"tables/dataset_flow_by_species.csv",744,"76cde7f2aeaeef547e9121045fb3a5c8c1d6196fe3892c389fcd64c8e23c855c"
"tables/effect_sizes.csv",1258,"7389e6aee26d13146cf287cdec81bed5db7d1d77d93a07c2719a45c37c55b86f"
"tables/failed_claims.csv",1846,"3810fb0062acb9481950b8b95984f6f058f6995d47c226b2fbef53beba75f6d2"
"tables/family_max_null.csv",89467,"c60d7b6f3e1f3638a78af47e98a5a794a79087826410c900599d23822b3c05cd"
"tables/final_adversarial_claim_matrix.csv",3712,"7b5e994f63f60e6b9ffc0c6b97c46f6bc15d6874b5086e390b79700eb96cfd13"
"tables/final_adversarial_module_status.csv",830,"6459cb9cd78c2caacb81301cfbd3a9f926e587bd1550226d5f6dd731875dd48c"
"tables/final_adversarial_run_manifest.csv",485,"80d6eeca39f47fb1a5aff1b67df7015627a8a450b540fd77279e526e809ef30c"
"tables/final_claim_matrix.csv",2071,"906c59ebb8ec64cd42fa337f9db1694108ee9343e3d8b1ebf585ecf08e96964e"
"tables/final_co_ii_results.csv",944,"81c843c3d083619b369eb64a2654569c6d3ea46177dd7a1e79cf3d34d2b6167b"
"tables/final_fe_ii_results.csv",933,"e3b2c995980905124b7f22534baf20f88027632fb17d7dc6bdceafb7b71b51a5"
"tables/final_null_design.csv",607,"478a3b9fe3f310691e1082a7b3d74e201104747ecb2195bc8a35c0afdfaa8b1e"
"tables/final_pass_conditional_fail_matrix.csv",326,"09f05f3167a647d83655624da115ac7279231785e610d7056068eb09eb88b9e2"
"tables/final_source_provenance.csv",1149,"2a4648d0fe7c1a9e74485a7a324819f434048193a75905f58496188be1804fd6"
"tables/final_source_provenance_resolved.csv",1933,"6ae91b7e8a2afb82fbaa672572f6aa0edc9f6916c942b3e778933b4f34b0b77a"
"tables/final_species_artifact_checks.csv",550,"49e5c57c6913c07356d5fa8a6e895f629e780cff230bb16e0f6aa54f4f6717a5"
"tables/final_species_bootstrap_draws.csv",959088,"31999ff596ff554e19384467f25660e57f436b558cfcb2fc834465bfeae1266c"
"tables/final_species_bootstrap_summary.csv",962,"4c864844c68ef67e4955112373180821e6f2af060b41f549437c46aa61efcc8b"
"tables/final_species_calibration.csv",772,"154008e90155990493767d42d4a2a991a42b16f03a5138f89e0e4a77d69fb92e"
"tables/final_species_calibration_pvalues.csv",915550,"ead408b43f6e76bb86fa4842cc326892e62e38b7eb13ff5815186ab46f0b58cb"
"tables/final_species_influence.csv",1495,"c930d7b3d04ae7c39e7d924391677c1d2b23af737043825f9f1430fe04b5bbfa"
"tables/final_species_injection_recovery.csv",2203,"577384a7a1c1495a49911509b0834f6fff234ebf7a2fc510b36a3eca74370dfe"
"tables/final_species_null_draws.csv",1968583,"9e30b44518ace002a4a0e033234138b201a7e26fa807cd74e66b8ec14fbf3394"
"tables/final_species_null_summary.csv",2250,"317ac04ba44eeb3a066d418f4bfd4f49db23795104d44e20ff1be88c5315009f"
"tables/final_species_observed_results.csv",1623,"481d84f55e996d3fdb021683022a6152d95dea2bb6abbb32c587c8e117fd850e"
"tables/holdout_results.csv",2301,"c234dde559b0915e2ae59f19f9bb8171007f21e1e22bd2653b4e8626bafbf66b"
"tables/injection_recovery.csv",6586,"35974d36c43100f5eac5f750a431f349eb3805485f4ebd52a013ed4ec1898f51"
"tables/injection_recovery_summary.csv",2203,"577384a7a1c1495a49911509b0834f6fff234ebf7a2fc510b36a3eca74370dfe"
"tables/model_comparison.csv",948,"305674604ae66aa223ee55e025823e004be44cd2d09f6c7edb43c9e65d23675b"
"tables/multiple_testing.csv",23895,"725079ac20b7dda7775b83e12716c2de2f77184ff1973a78f10fa36dbbf02d09"
"tables/multiple_testing_accounting.csv",23895,"725079ac20b7dda7775b83e12716c2de2f77184ff1973a78f10fa36dbbf02d09"
"tables/null_calibration.csv",447,"1e8f8c04929cff4986445c74b442a4cd10bd3ed0167387bbae3ab61b575584f9"
"tables/null_summary.csv",2250,"317ac04ba44eeb3a066d418f4bfd4f49db23795104d44e20ff1be88c5315009f"
"tables/observed_ritz_replication.csv",844,"dc830e5caa9c0802d27d5386db82dc5663e66f30b6381eb46d734ed6fd3e21e6"
"tables/peak_confidence_intervals.csv",1154,"f5b8f7c3b3f6f7d3091642adedff17ff92614730bc33b8258217ef7e5fd03a12"
"tables/peak_estimates.csv",433,"54ecbeebecd1057ae59c4498d57dec1dcfc30418da711b41761b65bc83ddb430"
"tables/peak_stability.csv",722,"521916e50c06dd082e3f2a2f5ef4b19ba370a8522a426efd688b1a16f0a86089"
"tables/provenance_hash_manifest.csv",3118,"e835a3a36d8140cf6003cf6c8a7f3cb318f3e1731bfab80deec0c5f28048b956"
"tables/python_r_parity.csv",347,"8bf2ad463a2810276bfd2bc1684929c2691d2755588c9633bea804c187866c63"
"tables/significance_results.csv",1385,"f601c0db21236feb536385551953a0f0be444dd6d2a0ae869cb395a85d03e4cd"
"tables/specification_results.csv",6934,"3261a3b4d96cd223f78d2637b6a9be141a4e1d5d8db01157fa73b3a83bf4bca2"
