"species","left_out_decile","retained_lines","k_best","deltaD","amplitude","in_reference_region"
"Fe",0,8503,31.3265306122449,284.755755833232,0.261574866134594,TRUE
"Fe",1,8502,31.3265306122449,283.252924090993,0.260944262733922,TRUE
"Fe",2,8502,31.3265306122449,284.551806589397,0.261501344334958,TRUE
"Fe",3,8502,31.3265306122449,283.947831200017,0.261223490740917,TRUE
"Fe",4,8502,31.3265306122449,284.520492311157,0.261478197673521,TRUE
"Fe",5,8502,31.3265306122449,284.290438997484,0.261369870501484,TRUE
"Fe",6,8502,31.3265306122449,284.005530019216,0.261229268191144,TRUE
"Fe",7,8502,31.3265306122449,283.333029244002,0.260914457694014,TRUE
"Fe",8,8503,31.3265306122449,284.35981616519,0.261394611953757,TRUE
"Fe",9,8503,31.3265306122449,283.928958203081,0.261192275809904,TRUE
"Co",0,2205,30.2448979591837,291.892434135963,0.523500366356094,TRUE
"Co",1,2205,30.2448979591837,294.769183635661,0.526378907413426,TRUE
"Co",2,2205,30.2448979591837,296.143423203221,0.527312516024259,TRUE
"Co",3,2205,30.2448979591837,295.474455066028,0.526807275446022,TRUE
"Co",4,2205,30.2448979591837,293.391013778323,0.524847234795227,TRUE
"Co",5,2205,30.2448979591837,293.98335320992,0.525445904026721,TRUE
"Co",6,2205,30.2448979591837,294.820186785669,0.526237937756766,TRUE
"Co",7,2205,30.2767106842737,294.916356557979,0.526158276195204,TRUE
"Co",8,2205,30.2448979591837,294.09221216624,0.525534491066145,TRUE
"Co",9,2205,30.2448979591837,294.251700526911,0.525689051837111,TRUE
