"species","amplitude_ratio","injected_amplitude","observed_amplitude","k_injected","n_sims","null_n","threshold_alpha","detection_prob","det_ci_lo","det_ci_hi","correct_region_prob","sig_correct_prob","sigcor_ci_lo","sigcor_ci_hi","false_location_prob","median_recovered_k","k_bias","amplitude_bias"
"Fe",0,0,0.261305834349196,31.3265306122449,2000,5000,0.05,0.0445,0.035886944504531,0.0544780113574833,0.0165,0,0,0.00184273979340594,0.0445,42.8268307322929,11.500300120048,0.0432454850443785
"Fe",0.25,0.0653264585872991,0.261305834349196,31.3265306122449,2000,5000,0.05,0.8255,0.808142723072217,0.841897241333973,0.8555,0.7465,0.726832278926719,0.765442472281338,0.079,31.3583433373349,0.0318127250900346,0.00319217190906346
"Fe",0.5,0.130652917174598,0.261305834349196,31.3265306122449,2000,5000,0.05,1,0.998157260206594,1,0.9995,0.9995,0.997217360165341,0.999987341176131,5e-04,31.3265306122449,0,0.000887350737603598
"Fe",1,0.261305834349196,0.261305834349196,31.3265306122449,2000,5000,0.05,1,0.998157260206594,1,1,1,0.998157260206594,1,0,31.3265306122449,0,0.000369101594106414
"Fe",1.5,0.391958751523794,0.261305834349196,31.3265306122449,2000,5000,0.05,1,0.998157260206594,1,1,1,0.998157260206594,1,0,31.3265306122449,0,-0.000139962982022013
"Co",0,0,0.525832173365736,30.2448979591837,2000,5000,0.05,0.05,0.0408642677182513,0.0604817220831518,0.015,5e-04,1.26588238685579e-05,0.00278263983465895,0.0495,41.7611044417767,11.516206482593,0.0832566240080968
"Co",0.25,0.131458043341434,0.525832173365736,30.2448979591837,2000,5000,0.05,0.8925,0.8780951395278,0.905742216258887,0.7555,0.701,0.6804013342342,0.721007782673591,0.1915,30.2448979591837,0,0.00772192784769252
"Co",0.5,0.262916086682868,0.525832173365736,30.2448979591837,2000,5000,0.05,1,0.998157260206594,1,0.99,0.99,0.98459787421644,0.993881342457257,0.01,30.2448979591837,0,0.00197239283776185
"Co",1,0.525832173365736,0.525832173365736,30.2448979591837,2000,5000,0.05,1,0.998157260206594,1,1,1,0.998157260206594,1,0,30.2448979591837,0,0.00247465619026943
"Co",1.5,0.788748260048605,0.525832173365736,30.2448979591837,2000,5000,0.05,1,0.998157260206594,1,1,1,0.998157260206594,1,0,30.2448979591837,0,0.000390156132432207
