"module","ok","seconds","error"
"build_analysis_registry.R",TRUE,6.9721200466156,""
"build_dataset_flow.R",TRUE,704.488806009293,""
"bootstrap_peak_uncertainty.R",TRUE,5004.99497199059,""
"peak_stability.R",TRUE,0.813359022140503,""
"build_effect_size_table.R",TRUE,38264.0786159039,""
"run_bin_grid.R",TRUE,42729.2750298977,""
"run_model_sensitivity.R",TRUE,5473.45976781845,""
"model_comparison.R",TRUE,173.330463886261,""
"run_observed_ritz_replication.R",TRUE,7378.82859897614,""
"run_holdout_replication.R",TRUE,239.825727939606,""
"global_multiple_testing.R",TRUE,30210.9320008755,""
"calibrate_false_positive_rate.R",TRUE,1904.1959631443,""
"run_injection_recovery.R",TRUE,9043.84391999245,""
"run_alternative_nulls.R",TRUE,3536.14568185806,""
"build_final_adversarial_summary.R",TRUE,0.0625240802764893,""
