"freq_name","k_injected","amplitude","n_sims","detection_prob","det_ci_lo","det_ci_hi","correct_region_prob","sig_correct_prob","sigcor_ci_lo","sigcor_ci_hi","false_localisation_prob","median_recovered_k","freq_bias","amplitude_bias","alpha","null_n"
"fe_reference",31.3265306122449,0,2000,0.052,0.0426824397973374,0.0626567679337087,0.013,5e-04,1.26588238685579e-05,0.00278263983465895,0.0515,43.7175870348139,12.391056422569,0.043636186310683,0.05,5000
"lower_control",12,0,2000,0.053,0.0435930435925764,0.0637427929987727,0.0055,0,0,0.00184273979340594,0.053,43.3358343337335,31.3358343337335,0.0439199297476468,0.05,5000
"higher_control",55,0,2000,0.0535,0.0440487130191427,0.0642854427090288,0.027,0.002,0.000545193125210999,0.00511280860534621,0.0515,43.1290516206483,-11.8709483793517,0.0436568240931373,0.05,5000
"off_grid",31.7337755102041,0,2000,0.052,0.0426824397973374,0.0626567679337087,0.015,0.001,0.00012112759055683,0.00360762856982853,0.051,43.0336134453782,11.2998379351741,0.0438167640033206,0.05,5000
"fe_reference",31.3265306122449,0.01,2000,0.0555,0.045873766493933,0.0664536955313304,0.0295,0.0035,0.00140830383250254,0.00719796171465803,0.052,40.9657863145258,9.63925570228091,0.0340974129104738,0.05,5000
"lower_control",12,0.01,2000,0.0585,0.0486181479912035,0.0696993557970137,0.014,0.002,0.000545193125210999,0.00511280860534621,0.0565,40.8703481392557,28.8703481392557,0.0342847219025015,0.05,5000
"higher_control",55,0.01,2000,0.0615,0.0513701723751175,0.0729374613170473,0.0395,0.0045,0.00205968852849036,0.00852514124099513,0.057,42.9540816326531,-12.0459183673469,0.0339390727579731,0.05,5000
"off_grid",31.7337755102041,0.01,2000,0.066,0.0555114193380941,0.0777815526347135,0.041,0.0055,0.00274868181463249,0.00981966298989945,0.0605,38.9297719087635,7.19599639855943,0.0339183824556634,0.05,5000
"fe_reference",31.3265306122449,0.02,2000,0.095,0.0825003416115114,0.10870090591028,0.0995,0.0195,0.0139022418924379,0.0265615289539121,0.0755,36.9732893157263,5.64675870348139,0.0250188817763918,0.05,5000
"lower_control",12,0.02,2000,0.0825,0.0708111603684483,0.0954291613126987,0.035,0.008,0.00457940466139855,0.0129590685884717,0.0745,35.5099039615846,23.5099039615846,0.025008928905994,0.05,5000
"higher_control",55,0.02,2000,0.091,0.0787517819117441,0.104461910552107,0.1235,0.0305,0.0234086863264066,0.0390077520602093,0.0605,48.7917166866747,-6.20828331332533,0.0248667965322472,0.05,5000
"off_grid",31.7337755102041,0.02,2000,0.0835,0.0717434744852428,0.0964936999318293,0.088,0.016,0.0109690613442208,0.0225127119558695,0.0675,35.1599639855942,3.42618847539016,0.0247960793787008,0.05,5000
"fe_reference",31.3265306122449,0.03,2000,0.147,0.131756951237172,0.16328562835162,0.1925,0.051,0.0417728384907204,0.0615697534315084,0.096,31.7400960384154,0.413565426170468,0.0172147812028208,0.05,5000
"lower_control",12,0.03,2000,0.1375,0.12269710453881,0.153374153926853,0.089,0.0235,0.0173168130159129,0.0311285508189854,0.114,24.5822328931573,12.5822328931573,0.0169100243285113,0.05,5000
"higher_control",55,0.03,2000,0.134,0.119365262552944,0.149716588189981,0.263,0.072,0.0610554554656101,0.0842181934186338,0.062,54.2953181272509,-0.704681872749099,0.0166289179026295,0.05,5000
"off_grid",31.7337755102041,0.03,2000,0.139,0.124126049042037,0.154940674429513,0.217,0.0515,0.0422275121117924,0.0621133860446272,0.0875,32.312725090036,0.578949579831932,0.0171505992574307,0.05,5000
"fe_reference",31.3265306122449,0.04,2000,0.2905,0.270672241715346,0.310943712163553,0.3825,0.1785,0.161948244545329,0.195999831953417,0.112,31.4855942376951,0.15906362545018,0.0104624894501759,0.05,5000
"lower_control",12,0.04,2000,0.302,0.281930658116615,0.322651379300216,0.1795,0.092,0.0796882473964724,0.105522329084397,0.21,12.5252100840336,0.525210084033613,0.0114762202745711,0.05,5000
"higher_control",55,0.04,2000,0.2845,0.264804395393219,0.30482926308893,0.474,0.2145,0.196689312611772,0.233151526593454,0.07,54.8679471788715,-0.132052821128454,0.0100921862844315,0.05,5000
"off_grid",31.7337755102041,0.04,2000,0.27,0.250641652457159,0.290034820650129,0.3715,0.1655,0.149462273901602,0.18252470951224,0.1045,31.8991596638655,0.165384153661467,0.0101541240679021,0.05,5000
"fe_reference",31.3265306122449,0.05,2000,0.5025,0.480347158127705,0.524645502522012,0.6065,0.3825,0.361135994496609,0.404209101114198,0.12,31.37424969988,0.0477190876350519,0.0059048182533286,0.05,5000
"lower_control",12,0.05,2000,0.5235,0.501340244732658,0.545590764264273,0.2875,0.1945,0.177360622804873,0.212539712584052,0.329,12.1434573829532,0.143457382953182,0.00693914574689322,0.05,5000
"higher_control",55,0.05,2000,0.517,0.494838253765958,0.539111838236464,0.7015,0.447,0.425051658232179,0.469103948936577,0.07,54.8997599039616,-0.100240096038419,0.00605440785313704,0.05,5000
"off_grid",31.7337755102041,0.05,2000,0.5305,0.508346539060533,0.552563918424353,0.612,0.416,0.39428494016376,0.437961714272724,0.1145,31.8037214885954,0.0699459783913561,0.00640134000805597,0.05,5000
"fe_reference",31.3265306122449,0.075,2000,0.9465,0.935714557290971,0.955951286980857,0.9265,0.8915,0.87704142233054,0.904799005442038,0.055,31.3265306122449,0,0.00295905184101618,0.05,5000
"lower_control",12,0.075,2000,0.9545,0.944427808993421,0.963210721901183,0.5845,0.5625,0.540430455690794,0.584386039243697,0.392,11.984393757503,-0.0156062424969985,0.00359558651356762,0.05,5000
"higher_control",55,0.075,2000,0.949,0.938430246568492,0.95822716150928,0.9705,0.9275,0.915246479676125,0.938481471507368,0.0215,54.9951980792317,-0.00480192076830832,0.0025072859934205,0.05,5000
"off_grid",31.7337755102041,0.075,2000,0.9535,0.94333482395897,0.96230717558473,0.9325,0.9005,0.886538467460899,0.913274228814441,0.053,31.7400960384154,0.00632052821128681,0.00207589966820311,0.05,5000
"fe_reference",31.3265306122449,0.1,2000,0.9995,0.997217360165341,0.999987341176131,0.991,0.9905,0.985204167827711,0.994270964477037,0.009,31.3265306122449,0,0.00231454258105004,0.05,5000
"lower_control",12,0.1,2000,0.9985,0.99562267989547,0.999690557050688,0.6955,0.6955,0.674805469786193,0.715619863112732,0.303,11.984393757503,-0.0156062424969985,0.00275320267110926,0.05,5000
"higher_control",55,0.1,2000,0.999,0.996392371430171,0.999878872409443,0.9985,0.998,0.994887191394654,0.999454806874789,0.001,54.9951980792317,-0.00480192076830832,0.00219806920527309,0.05,5000
"off_grid",31.7337755102041,0.1,2000,0.9995,0.997217360165341,0.999987341176131,0.9965,0.996,0.992133696171463,0.998271550426524,0.0035,31.7400960384154,0.00632052821128681,0.00227567687145186,0.05,5000
