"sigma","degree","bins","source","k_best","deltaD","amplitude","global_p","in_reference_region","converged","n_lines","spec_null_n","spec_id"
7,1,120,"wavenumber",9.72569027611044,377.549280874837,0.314799960165075,0.00199600798403194,FALSE,TRUE,9447,500,"sig7_deg1_bin120_wavenumber"
7,0,120,"wavenumber",9.75750300120048,381.832625700486,0.311679481156615,0.00199600798403194,FALSE,TRUE,9447,500,"sig7_deg0_bin120_wavenumber"
8,2,120,"wavenumber",9.63025210084034,497.11296063639,0.363102113637611,0.00199600798403194,FALSE,TRUE,9447,500,"sig8_deg2_bin120_wavenumber"
8,1,120,"wavenumber",9.69387755102041,508.250627700088,0.364117658509001,0.00199600798403194,FALSE,TRUE,9447,500,"sig8_deg1_bin120_wavenumber"
8,0,120,"wavenumber",9.72569027611044,517.388433563542,0.361552396396774,0.00199600798403194,FALSE,TRUE,9447,500,"sig8_deg0_bin120_wavenumber"
4,0,200,"wavenumber",31.3583433373349,120.022205448983,0.16116250830519,0.00199600798403194,TRUE,TRUE,9447,500,"sig4_deg0_bin200_wavenumber"
4,1,200,"wavenumber",31.3583433373349,120.276693357547,0.161470076000754,0.00199600798403194,TRUE,TRUE,9447,500,"sig4_deg1_bin200_wavenumber"
4,2,200,"wavenumber",31.3583433373349,120.317384883968,0.161733798706019,0.00199600798403194,TRUE,TRUE,9447,500,"sig4_deg2_bin200_wavenumber"
4,0,160,"wavenumber",31.3583433373349,191.523785068614,0.203451054945692,0.00199600798403194,TRUE,TRUE,9447,500,"sig4_deg0_bin160_wavenumber"
4,1,160,"wavenumber",31.3583433373349,191.874169361293,0.20376319815596,0.00199600798403194,TRUE,TRUE,9447,500,"sig4_deg1_bin160_wavenumber"
4,2,160,"wavenumber",31.3583433373349,192.328355519125,0.204255547193865,0.00199600798403194,TRUE,TRUE,9447,500,"sig4_deg2_bin160_wavenumber"
5,0,200,"wavenumber",31.3265306122449,194.465004004777,0.205031374017348,0.00199600798403194,TRUE,TRUE,9447,500,"sig5_deg0_bin200_wavenumber"
5,1,200,"wavenumber",31.3265306122449,194.861685671457,0.205367807242324,0.00199600798403194,TRUE,TRUE,9447,500,"sig5_deg1_bin200_wavenumber"
5,2,200,"wavenumber",31.3265306122449,195.016893114809,0.205715675790948,0.00199600798403194,TRUE,TRUE,9447,500,"sig5_deg2_bin200_wavenumber"
6,0,200,"wavenumber",31.3265306122449,258.556795908811,0.236352819321805,0.00199600798403194,TRUE,TRUE,9447,500,"sig6_deg0_bin200_wavenumber"
6,1,200,"wavenumber",31.3265306122449,259.178756760527,0.236764872134194,0.00199600798403194,TRUE,TRUE,9447,500,"sig6_deg1_bin200_wavenumber"
6,2,200,"wavenumber",31.3265306122449,259.548360871709,0.237211782538629,0.00199600798403194,TRUE,TRUE,9447,500,"sig6_deg2_bin200_wavenumber"
5,0,160,"wavenumber",31.3265306122449,267.199946889302,0.2402462412111,0.00199600798403194,TRUE,TRUE,9447,500,"sig5_deg0_bin160_wavenumber"
5,1,160,"wavenumber",31.3265306122449,267.804479299904,0.2406364935376,0.00199600798403194,TRUE,TRUE,9447,500,"sig5_deg1_bin160_wavenumber"
5,2,160,"wavenumber",31.3265306122449,268.719880745123,0.241345459579706,0.00199600798403194,TRUE,TRUE,9447,500,"sig5_deg2_bin160_wavenumber"
4,0,120,"wavenumber",31.3265306122449,286.874999417522,0.249023789247506,0.00199600798403194,TRUE,TRUE,9447,500,"sig4_deg0_bin120_wavenumber"
4,1,120,"wavenumber",31.3583433373349,287.623695108705,0.249468191257671,0.00199600798403194,TRUE,TRUE,9447,500,"sig4_deg1_bin120_wavenumber"
4,2,120,"wavenumber",31.3265306122449,288.954398265615,0.250370654098415,0.00199600798403194,TRUE,TRUE,9447,500,"sig4_deg2_bin120_wavenumber"
7,0,200,"wavenumber",31.2947178871549,304.248319746702,0.256388063283114,0.00199600798403194,TRUE,TRUE,9447,500,"sig7_deg0_bin200_wavenumber"
7,1,200,"wavenumber",31.2947178871549,305.158000043472,0.256894848867292,0.00199600798403194,TRUE,TRUE,9447,500,"sig7_deg1_bin200_wavenumber"
7,2,200,"wavenumber",31.2947178871549,306.019884666066,0.257602568321779,0.00199600798403194,TRUE,TRUE,9447,500,"sig7_deg2_bin200_wavenumber"
6,0,160,"wavenumber",31.3265306122449,314.670991439908,0.260735397624097,0.00199600798403194,TRUE,TRUE,9447,500,"sig6_deg0_bin160_wavenumber"
6,1,160,"observed",31.3265306122449,315.376115676902,0.267872314470838,0.00199600798403194,TRUE,TRUE,8994,500,"sig6_deg1_bin160_observed"
6,1,160,"wavenumber",31.3265306122449,315.727660603729,0.261305834349196,0.00199600798403194,TRUE,TRUE,9447,500,"sig6_deg1_bin160_wavenumber"
6,2,160,"wavenumber",31.2947178871549,317.42904914475,0.262380813619649,0.00199600798403194,TRUE,TRUE,9447,500,"sig6_deg2_bin160_wavenumber"
8,0,200,"wavenumber",31.2947178871549,332.939018597347,0.268235860533237,0.00199600798403194,TRUE,TRUE,9447,500,"sig8_deg0_bin200_wavenumber"
5,0,120,"wavenumber",31.3265306122449,333.946669109476,0.268735879080348,0.00199600798403194,TRUE,TRUE,9447,500,"sig5_deg0_bin120_wavenumber"
8,1,200,"wavenumber",31.2947178871549,334.301739521917,0.268922475749762,0.00199600798403194,TRUE,TRUE,9447,500,"sig8_deg1_bin200_wavenumber"
5,1,120,"wavenumber",31.3265306122449,335.383912820845,0.269453735775903,0.00199600798403194,TRUE,TRUE,9447,500,"sig5_deg1_bin120_wavenumber"
8,2,200,"wavenumber",31.2947178871549,335.857373193256,0.269946298958297,0.00199600798403194,TRUE,TRUE,9447,500,"sig8_deg2_bin200_wavenumber"
5,2,120,"wavenumber",31.2947178871549,338.1520352881,0.271009489799855,0.00199600798403194,TRUE,TRUE,9447,500,"sig5_deg2_bin120_wavenumber"
7,0,160,"wavenumber",31.2947178871549,339.977141567488,0.27106431914111,0.00199600798403194,TRUE,TRUE,9447,500,"sig7_deg0_bin160_wavenumber"
7,1,160,"wavenumber",31.2947178871549,341.623637677083,0.271862261275608,0.00199600798403194,TRUE,TRUE,9447,500,"sig7_deg1_bin160_wavenumber"
7,2,160,"wavenumber",31.2947178871549,344.640594959049,0.273524902123414,0.00199600798403194,TRUE,TRUE,9447,500,"sig7_deg2_bin160_wavenumber"
6,1,160,"ritz",31.3265306122449,346.338782567562,0.268053804171389,0.00199600798403194,TRUE,TRUE,9858,500,"sig6_deg1_bin160_ritz"
8,0,160,"wavenumber",31.2947178871549,352.926421741162,0.276225631297536,0.00199600798403194,TRUE,TRUE,9447,500,"sig8_deg0_bin160_wavenumber"
6,0,120,"wavenumber",31.2947178871549,353.318474822445,0.276486668007853,0.00199600798403194,TRUE,TRUE,9447,500,"sig6_deg0_bin120_wavenumber"
8,1,160,"wavenumber",31.2947178871549,355.416151088066,0.277366980803298,0.00199600798403194,TRUE,TRUE,9447,500,"sig8_deg1_bin160_wavenumber"
6,1,120,"wavenumber",31.3265306122449,355.744301050131,0.27761532337233,0.00199600798403194,TRUE,TRUE,9447,500,"sig6_deg1_bin120_wavenumber"
8,2,160,"wavenumber",31.2629051620648,360.139096405204,0.279782691043789,0.00199600798403194,TRUE,TRUE,9447,500,"sig8_deg2_bin160_wavenumber"
6,2,120,"wavenumber",31.2947178871549,360.843774114349,0.28016270726631,0.00199600798403194,TRUE,TRUE,9447,500,"sig6_deg2_bin120_wavenumber"
7,2,120,"wavenumber",31.2629051620648,373.965760764014,0.285442245038734,0.00199600798403194,TRUE,TRUE,9447,500,"sig7_deg2_bin120_wavenumber"
